Plataforma,Region,Comuna,Direccion,URL_Reserva
San Dámaso,Región Metropolitana,Quilicura,Presidente Eduardo Frei Montalva Nº9500,https://www.sandamaso.cl/
San Dámaso,Región Metropolitana,Colina,"Camino a Coquimbo S/N° Chacra El Carmen Parcela N°2, Lote N°13",https://www.sandamaso.cl/
San Dámaso,Región Metropolitana,Puente Alto,"Av. Sta. Rosa N°659-685, Lotes L1 y L2 Las Azaleas Sector 3",https://www.sandamaso.cl/
San Dámaso,Región Metropolitana,Puente Alto,Av. Eyzaguirre N°3649,https://www.sandamaso.cl/
San Dámaso,Región Metropolitana,Huechuraba,Av. Américo Vespucio N°191,https://www.sandamaso.cl/
San Dámaso,Región Metropolitana,La Florida,Av. Tobalaba N°7609 Lote 3,https://www.sandamaso.cl/
San Dámaso,Región Metropolitana,Maipú,Camino a Melipilla N°17600 Parcela 5 Fundo Santa Ana de Chena,https://www.sandamaso.cl/
San Dámaso,Valparaíso,Valparaíso,"Avda. B. O'Higgins Nº380, Placilla",https://www.sandamaso.cl/
San Dámaso,Valparaíso,Quilpué,Av. del Trabajador 627,https://www.sandamaso.cl/
San Dámaso,Valparaíso,La Calera,Calle Santa Rosa N° 520,https://www.sandamaso.cl/
San Dámaso,Antofagasta,Antofagasta,"Héroes de la Concepción 14.250, La Chimba",https://www.sandamaso.cl/
San Dámaso,Antofagasta,Calama,"Fco. Martinic s/N°, Barrio Industrial",https://www.sandamaso.cl/
TÜV Rheinland,Región Metropolitana,Quilicura,Cañaveral N°450-500,https://www.prt.tuv.com/horario-prt
TÜV Rheinland,Región Metropolitana,Huechuraba,Av. Santa Clara N°523,https://www.prt.tuv.com/horario-prt
TÜV Rheinland,Región Metropolitana,La Pintana,Av. Gabriela N°03470,https://www.prt.tuv.com/horario-prt
TÜV Rheinland,Región Metropolitana,San Joaquín,Av. Presidente Salvador Allende N°143,https://www.prt.tuv.com/horario-prt
TÜV Rheinland,Región Metropolitana,La Florida,Av. Vicuña Mackenna N°7955,https://www.prt.tuv.com/horario-prt
TÜV Rheinland,Región Metropolitana,Pudahuel,Av. Américo Vespucio N°1393,https://www.prt.tuv.com/horario-prt
TÜV Rheinland,Región Metropolitana,Recoleta,Av. Einstein Nº 1010-1026,https://www.prt.tuv.com/horario-prt
TÜV Rheinland,Bío Bío,Yumbel,"Calle O'Higgins N°1850, camino Concepción",https://www.prt.tuv.com/horario-prt
TÜV Rheinland,Bío Bío,Concepción,Avda. General Bonilla Nº2010,https://www.prt.tuv.com/horario-prt
TÜV Rheinland,Bío Bío,San Pedro de la Paz,Av. Michaihue N°157,https://www.prt.tuv.com/horario-prt
TÜV Rheinland,Araucanía,Temuco,Rudencindo Ortega Nº02351,https://www.prt.tuv.com/horario-prt
TÜV Rheinland,Los Lagos,Osorno,Avenida Alcalde Fuschlocher 1380,https://www.prt.tuv.com/horario-prt
TÜV Rheinland,Los Lagos,Castro,Avenida Galvarino Riveros 1712,https://www.prt.tuv.com/horario-prt
TÜV Rheinland,Ñuble,Chillán,Av. O'Higgins 2774,https://www.prt.tuv.com/horario-prt
TÜV Rheinland,Ñuble,Yungay,"O Higgins Poniente (Antes N-97-Q), Campanario",https://www.prt.tuv.com/horario-prt
Applus Revisiones Técnicas,Región Metropolitana,Quilicura,Galvarino N°9430,http://200.29.128.251:8080/app_reserva/#/
Applus Revisiones Técnicas,Región Metropolitana,La Pintana,Av. Gabriela Nº02891,http://200.29.128.251:8080/app_reserva/#/
Applus Revisiones Técnicas,Región Metropolitana,Quinta Normal,Avda. Carrascal Nº5720,http://200.29.128.251:8080/app_reserva/#/
Applus Revisiones Técnicas,Región Metropolitana,San Ramón,Avda. Américo Vespucio Nº1460,http://200.29.128.251:8080/app_reserva/#/
Applus Revisiones Técnicas,Región Metropolitana,San Joaquín,Avda. Departamental Nº390,http://200.29.128.251:8080/app_reserva/#/
Applus Revisiones Técnicas,Valparaíso,San Antonio,Los Molles N°387,http://200.29.128.251:8080/app_reserva/#/
Applus Revisiones Técnicas,Araucanía,Temuco,Calle Reyes Católicos Nº 01630,http://200.29.128.251:8080/app_reserva/#/
Applus Revisiones Técnicas,Araucanía,Angol,Bernardo O'Higgins N° 2194,http://200.29.128.251:8080/app_reserva/#/
Applus Revisiones Técnicas,Araucanía,Victoria,"Camino Público Victoria a Traiguén, Villa Luisa Puente, Lote 1-A14",http://200.29.128.251:8080/app_reserva/#/
Chilena Revisiones Técnicas (CHRT),Región Metropolitana,Quilicura,Senador Jaime Guzmán Errázuriz N°96,https://chrt.cl/reservar/
Chilena Revisiones Técnicas (CHRT),Región Metropolitana,La Pintana,Lo Blanco N°1789,https://chrt.cl/reservar/
Chilena Revisiones Técnicas (CHRT),Región Metropolitana,Peñalolén,Av. Américo Vespucio 4446,https://chrt.cl/reservar/
Chilena Revisiones Técnicas (CHRT),Valparaíso,Valparaíso,Tupungato N°13220,https://chrt.cl/reservar/
Chilena Revisiones Técnicas (CHRT),Valparaíso,San Antonio,Los Eucaliptos N°150,https://chrt.cl/reservar/
Chilena Revisiones Técnicas (CHRT),O'Higgins,Rancagua,Punta de Sol N° 610,https://chrt.cl/reservar/
Chilena Revisiones Técnicas (CHRT),O'Higgins,Rancagua,Manuel Montt N° 1820,https://chrt.cl/reservar/
Chilena Revisiones Técnicas (CHRT),O'Higgins,Litueche,Ruta I-80-GT Lote D Los Arrayanes,https://chrt.cl/reservar/
Chilena Revisiones Técnicas (CHRT),Maule,Licanten,Calle Departamental s/Nº,https://chrt.cl/reservar/
Chilena Revisiones Técnicas (CHRT),Maule,Talca,"21 y 1/2 Oriente N°3445, sector Bicentenario",https://chrt.cl/reservar/
Revisiones UVT,Región Metropolitana,La Florida,Avda. La Florida Nº11573,http://uvt.cl/sistemas/reserva/reserva-hora.php
Revisiones UVT,Región Metropolitana,Cerrillos,Caletera General Velásquez N°7319,http://uvt.cl/sistemas/reserva/reserva-hora.php
Revisiones UVT,Región Metropolitana,Maipú,Caletera Américo Vespucio N°2562,http://uvt.cl/sistemas/reserva/reserva-hora.php
Revisiones UVT,Región Metropolitana,Peñalolén,Av. Las Torres N°6900,http://uvt.cl/sistemas/reserva/reserva-hora.php
Revisiones UVT,Región Metropolitana,La Reina,Alcalde Fernando Castillo Velasco N° 8712,http://uvt.cl/sistemas/reserva/reserva-hora.php
SGS Chile,Región Metropolitana,Cerrillos,Vista Alegre N°2253,https://agendamiento.revisionestecnicas.cl/
SGS Chile,Región Metropolitana,Ñuñoa,Williams Rebolledo Nº1800,https://agendamiento.revisionestecnicas.cl/
SGS Chile,Región Metropolitana,Ñuñoa,Doctor Guillermo Mann Nº1251,https://agendamiento.revisionestecnicas.cl/
SGS Chile,Región Metropolitana,Macul,Marathon N°3401,https://agendamiento.revisionestecnicas.cl/
SGS Chile,Región Metropolitana,Peñalolén,Manuel Carvallo N°1144,https://agendamiento.revisionestecnicas.cl/
Dekra Revisión Técnica,Región Metropolitana,Pudahuel,Avda. Los Alerces 10020,https://www.dekraprt.cl/reserve-su-hora/
Dekra Revisión Técnica,Región Metropolitana,Renca,Carlota Guzmán N° 1100,https://www.dekraprt.cl/reserve-su-hora/
Dekra Revisión Técnica,Región Metropolitana,La Reina,Avda. Jorge Alessandri N°255 / Los Hilanderos 8500,https://www.dekraprt.cl/reserve-su-hora/
Dekra Revisión Técnica,Región Metropolitana,San Bernardo,Santa Margarita N°1753,https://www.dekraprt.cl/reserve-su-hora/
Dekra Revisión Técnica,Ñuble,Chillán,"Lote A2, Camino a Huape N°2431",https://www.dekraprt.cl/reserve-su-hora/
Algoritmos y Mediciones Ambientales,Región Metropolitana,Paine,"Las Acacias 90, Colonia Kennedy",https://reservas.algoritmosprt.com/
Algoritmos y Mediciones Ambientales,Región Metropolitana,Renca,José Miguel Infante N° 8734,https://reservas.algoritmosprt.com/
Algoritmos y Mediciones Ambientales,Tarapacá,Iquique,"Vía 9, Km 10, Bajo Molle S/N",https://reservas.algoritmosprt.com/
Algoritmos y Mediciones Ambientales,Tarapacá,Pozo Almonte,"Sitio 5, Manzana A, Sector Industrial",https://reservas.algoritmosprt.com/
Systech Chile,Región Metropolitana,Lampa,"El Otoño N°501, Sector El Taqueral, Lote 9, Parcela 9",http://systechchile.cl/Appointments.aspx
Systech Chile,Región Metropolitana,Melipilla,Av. Vicuña Mackenna N° 3276,http://systechchile.cl/Appointments.aspx
Systech Chile,Valparaíso,Viña del Mar,"Calle Limache N°4165, El Salto",http://systechchile.cl/Appointments.aspx
Systech Chile,O'Higgins,Rancagua,Salvador Allende Gossen Nº273,http://systechchile.cl/Appointments.aspx
Systech Chile,O'Higgins,San Vicente,El Algarrobo Nº1721,http://systechchile.cl/Appointments.aspx
Systech Chile,Maule,Curicó,"Lote A, Chacra Santa Lucía, Calle Los Vidales s/n",http://systechchile.cl/Appointments.aspx
Systech Chile,Maule,Constitución,Camino Constitución a Chanco s/N°,http://systechchile.cl/Appointments.aspx
Systech Chile,Maule,Parral,Calle 2 Sur 631 esquina Ignacio Carrera Pinto,http://systechchile.cl/Appointments.aspx
Systech Chile,Arica y Parinacota,Arica,Av. Argentina N° 3229,http://systechchile.cl/Appointments.aspx
Systech Chile,Arica y Parinacota,Arica,"Calle 3 Norte Nº130, Parque Industrial Puerta de América",http://systechchile.cl/Appointments.aspx
Systech Chile,Bío Bío,Los Ángeles,Av. Las Industrias Pedro Stark Troncoso 12790,http://systechchile.cl/Appointments.aspx
Mival Arica,Región Metropolitana,Renca,Montevideo N°2186,http://mivalarica.cl/sistemas/reserva/reserva-hora.php
Mival Arica,Región Metropolitana,San Bernardo,Camino Los Pinos N°03105,http://mivalarica.cl/sistemas/reserva/reserva-hora.php
Mival Arica,Arica y Parinacota,Arica,Avda. Azola N°2405,http://mivalarica.cl/sistemas/reserva/reserva-hora.php
Mival Arica,Arica y Parinacota,Arica,Av. Argentina N°2759,http://mivalarica.cl/sistemas/reserva/reserva-hora.php
Denham y relacionadas,Antofagasta,Antofagasta,Pedro Aguirre Cerda 7939 (Barrio Industrial) — A. Denham,http://denham.cl/sistemas/reserva/reserva-hora.php
Denham y relacionadas,Antofagasta,Calama,Camino a Chiu-Chiu s/n Sitio nº 30 — A. Denham,http://denham.cl/sistemas/reserva/reserva-hora.php
Denham y relacionadas,Valparaíso,Viña del Mar,Camino Internacional N°2055 — A. Denham,http://denham.cl/sistemas/reserva/reserva-hora.php
Denham y relacionadas,Maule,Linares,Avda. Aníbal León Bustos Nº1165 — Revisiones Maule,http://denham.cl/sistemas/reserva/reserva-hora.php
Denham y relacionadas,Maule,Talca,Av. San Miguel 4413 — Revisiones Maule,http://denham.cl/sistemas/reserva/reserva-hora.php
Denham y relacionadas,Maule,Cauquenes,Camino a Parral N°2855 — Revisiones Maule,http://denham.cl/sistemas/reserva/reserva-hora.php
Denham y relacionadas,Bío Bío,Los Ángeles,Balmaceda N°399 — Revisiones Bio Bío,http://denham.cl/sistemas/reserva/reserva-hora.php
Denham y relacionadas,Bío Bío,Talcahuano,Jaime Repullo N°2280 — Revisiones Bio Bío,http://denham.cl/sistemas/reserva/reserva-hora.php
Denham y relacionadas,Bío Bío,Lota,Fernando Maira N°580 A — Revisiones Bio Bío,http://denham.cl/sistemas/reserva/reserva-hora.php
Denham y relacionadas,Los Ríos,Valdivia,Errázuriz N° 2315 — Revisiones Los Lagos,http://denham.cl/sistemas/reserva/reserva-hora.php
Denham y relacionadas,Los Ríos,La Unión,"Ruta 201, Km 4 — Revisiones Los Lagos",http://denham.cl/sistemas/reserva/reserva-hora.php
Denham y relacionadas,Los Lagos,Osorno,Errázuriz Nº2149 — Revisiones Los Lagos,http://denham.cl/sistemas/reserva/reserva-hora.php
Denham y relacionadas,Los Lagos,Puerto Montt,Parque Industrial N° 1419 — Revisiones Los Lagos,http://denham.cl/sistemas/reserva/reserva-hora.php
Denham y relacionadas,Coquimbo,Coquimbo,Av. La Cantera N° 1351 — Revisiones Guayacán,http://denham.cl/sistemas/reserva/reserva-hora.php
Denham y relacionadas,Coquimbo,Illapel,Felipe Ñiguez Nº50 — Revisiones Guayacán,http://denham.cl/sistemas/reserva/reserva-hora.php
Denham y relacionadas,Aysén,Aysén,Pangal N°1077 — SOREDE,http://denham.cl/sistemas/reserva/reserva-hora.php
Denham y relacionadas,Aysén,Coyhaique,Camino a Balmaceda Km.2 Recta FOITZICK — SOREDE,http://denham.cl/sistemas/reserva/reserva-hora.php
Denham y relacionadas,Magallanes,Punta Arenas,Carlos Condell N°01186 — Serviden,http://denham.cl/sistemas/reserva/reserva-hora.php
Denham y relacionadas,Magallanes,Puerto Natales,"Juan Bautista Campos s/N°, Huerto 27 B-2 — Serviden",http://denham.cl/sistemas/reserva/reserva-hora.php
Inspectorate PRT,O'Higgins,San Fernando,Sector Camino Termas del Flaco LT 7-2,https://www.inspectorateprt.cl/
Inspectorate PRT,O'Higgins,Rengo,"Camino Público Rengo - Malloa, Ruta H-60, N°57",https://www.inspectorateprt.cl/
Inspectorate PRT,Los Lagos,Puerto Varas,"Loteo San Juan, Sector Línea Vieja, Sector B, Parcela 3",https://www.inspectorateprt.cl/
Inspectorate PRT,Los Lagos,Puerto Montt,"Av. Gabriela Mistral S/N°, Sector Alerce",https://www.inspectorateprt.cl/
Revisiones Técnicas Ovalle (RTO),Atacama,Vallenar,"Llanos de San Antonio, Lote N°3, Km 2,2",http://rto.cl/
Revisiones Técnicas Ovalle (RTO),Coquimbo,La Serena,"Avda. Colo-Colo Nº 4360, La Florida",http://rto.cl/
Revisiones Técnicas Ovalle (RTO),Coquimbo,Ovalle,Los Industriales N°265,http://rto.cl/
Revisiones Técnicas Ovalle (RTO),Los Ríos,Panguipulli,"Kilómetro 2,5 Ruta 203, Camino a Lanco",http://rto.cl/
Revisiones Técnicas Ovalle (RTO),Los Ríos,Valdivia,Sevilla N°275,http://rto.cl/
Verosur SpA,Araucanía,Padre las Casas,"Camino Huichahue N°2340, parcela 1",https://verosur.cl/reserva-de-hora/
Verosur SpA,Araucanía,Lautaro,"Las Industrias, Lote C2",https://verosur.cl/reserva-de-hora/
Verosur SpA,Los Lagos,Puerto Montt,"Camino a Lagunitas, Km 4,5; camino Aeropuerto El Tepual",https://verosur.cl/reserva-de-hora/
Verosur SpA,Los Lagos,Quellón,Quellón Viejo; Lote A-7 ruta W-912,https://verosur.cl/reserva-de-hora/
ECA Control y Asesoramiento,Coquimbo,La Serena,"Camino El Islón Ruta D-30, Fundo El Olivar",https://www.prteca.cl/
ECA Control y Asesoramiento,Coquimbo,Coquimbo,"Ruta 5 Nº2590, sector El Panul",https://www.prteca.cl/
ECA Control y Asesoramiento,Bío Bío,San Carlos,Camino San Agustín Nº1300,https://www.prteca.cl/
ECA Control y Asesoramiento,Bío Bío,Los Ángeles,Av. Las Industrias Pedro Stark Troncoso N°700,https://www.prteca.cl/
